input_sequence,initial_position,initial_velocity,target_position,target_velocity
"[{'action': 'turn_left', 'angle': 34}, {'action': 'turn_right', 'angle': 29}, {'action': 'turn_right', 'angle': 17}]","[3.49, 8.19, 12.38]","[2.48, -0.85, 4.17]","[3.49, 8.19, 12.38]","[2.48, -0.85, 4.17]"
"[{'action': 'move_forward', 'magnitude': 1.06}, {'action': 'move_forward', 'magnitude': 1.41}]","[1.8099999999999996, -7.49, 3.41]","[4.47, -2.29, 1.72]","[1.8099999999999996, -7.49, 3.41]","[4.47, -2.29, 1.72]"
"[{'action': 'move_forward', 'magnitude': 1.28}, {'action': 'move_forward', 'magnitude': 1.95}]","[4.06, 5.47, 8.14]","[4.01, 4.46, 2.71]","[4.06, 5.47, 8.14]","[4.01, 4.46, 2.71]"
"[{'action': 'move_forward', 'magnitude': 1.38}, {'action': 'turn_right', 'angle': 19}, {'action': 'jump', 'force': 5.74}, {'action': 'jump', 'force': 6.67}, {'action': 'turn_right', 'angle': 43}]","[2.41, 13.030000000000001, 3.92]","[4.57, 17.03, 1.64]","[2.41, 13.030000000000001, 3.92]","[4.57, 17.03, 1.64]"
"[{'action': 'turn_left', 'angle': 27}, {'action': 'move_forward', 'magnitude': 0.53}]","[8.360000000000001, 7.68, 11.72]","[-1.44, -0.91, 2.97]","[8.360000000000001, 7.68, 11.72]","[-1.44, -0.91, 2.97]"
"[{'action': 'turn_right', 'angle': 21}, {'action': 'turn_right', 'angle': 36}]","[-4.36, 2.02, 6.949999999999999]","[2.09, -0.22, 0.18]","[-4.36, 2.02, 6.949999999999999]","[2.09, -0.22, 0.18]"
"[{'action': 'jump', 'force': 13.35}, {'action': 'move_forward', 'magnitude': 1.92}]","[8.06, 6.029999999999999, 11.51]","[2.23, 8.53, 1.81]","[8.06, 6.029999999999999, 11.51]","[2.23, 8.53, 1.81]"
"[{'action': 'turn_right', 'angle': 59}, {'action': 'turn_left', 'angle': 33}, {'action': 'turn_left', 'angle': 22}, {'action': 'turn_right', 'angle': 69}]","[7.5, -1.2599999999999998, 7.97]","[4.19, 4.51, 3.21]","[7.5, -1.2599999999999998, 7.97]","[4.19, 4.51, 3.21]"
"[{'action': 'turn_left', 'angle': 45}, {'action': 'move_forward', 'magnitude': 1.12}]","[-5.38, 0.3700000000000001, 11.8]","[2.95, -2.81, 3.46]","[-5.38, 0.3700000000000001, 11.8]","[2.95, -2.81, 3.46]"
"[{'action': 'jump', 'force': 13.6}, {'action': 'turn_left', 'angle': 48}]","[0.4399999999999995, 23.63, 2.92]","[4.72, 14.559999999999999, 1.78]","[0.4399999999999995, 23.63, 2.92]","[4.72, 14.559999999999999, 1.78]"
"[{'action': 'turn_left', 'angle': 56}, {'action': 'jump', 'force': 7.9}, {'action': 'turn_left', 'angle': 39}, {'action': 'move_forward', 'magnitude': 1.87}]","[9.73, 9.14, 5.97]","[6.83, 3.8600000000000003, 3.13]","[9.73, 9.14, 5.97]","[6.83, 3.8600000000000003, 3.13]"
"[{'action': 'turn_left', 'angle': 30}, {'action': 'turn_right', 'angle': 61}]","[0.4600000000000002, -8.790000000000001, 10.29]","[-1.15, -0.05, 3.4]","[0.4600000000000002, -8.790000000000001, 10.29]","[-1.15, -0.05, 3.4]"
"[{'action': 'turn_right', 'angle': 42}, {'action': 'move_forward', 'magnitude': 1.33}, {'action': 'turn_right', 'angle': 69}, {'action': 'move_forward', 'magnitude': 1.32}]","[-7.37, -7.49, 11.31]","[-1.3800000000000001, -3.04, 3.45]","[-7.37, -7.49, 11.31]","[-1.3800000000000001, -3.04, 3.45]"
"[{'action': 'move_forward', 'magnitude': 1.82}, {'action': 'turn_left', 'angle': 18}, {'action': 'move_forward', 'magnitude': 0.52}, {'action': 'jump', 'force': 14.47}, {'action': 'turn_right', 'angle': 61}]","[-0.73, 23.740000000000002, 8.58]","[1.22, 18.26, 4.78]","[-0.73, 23.740000000000002, 8.58]","[1.22, 18.26, 4.78]"
"[{'action': 'turn_left', 'angle': 58}, {'action': 'jump', 'force': 10.7}]","[-13.469999999999999, 10.33, 1.81]","[-4.29, 13.32, 0.85]","[-13.469999999999999, 10.33, 1.81]","[-4.29, 13.32, 0.85]"
"[{'action': 'turn_right', 'angle': 60}, {'action': 'move_forward', 'magnitude': 1.5}, {'action': 'turn_right', 'angle': 23}]","[6.789999999999999, -6.59, 7.82]","[1.9, -0.79, 3.24]","[6.789999999999999, -6.59, 7.82]","[1.9, -0.79, 3.24]"
"[{'action': 'turn_left', 'angle': 63}, {'action': 'turn_left', 'angle': 62}]","[-8.629999999999999, -0.8600000000000003, 4.359999999999999]","[-4.54, 4.05, 2.73]","[-8.629999999999999, -0.8600000000000003, 4.359999999999999]","[-4.54, 4.05, 2.73]"
"[{'action': 'turn_right', 'angle': 68}, {'action': 'turn_left', 'angle': 68}, {'action': 'jump', 'force': 10.74}]","[4.52, 11.83, 7.14]","[-1.44, 7.76, 2.0]","[4.52, 11.83, 7.14]","[-1.44, 7.76, 2.0]"
"[{'action': 'move_forward', 'magnitude': 1.8}, {'action': 'turn_right', 'angle': 31}, {'action': 'move_forward', 'magnitude': 1.6}]","[-0.52, -6.98, 5.8100000000000005]","[2.5, -1.7, 1.31]","[-0.52, -6.98, 5.8100000000000005]","[2.5, -1.7, 1.31]"
"[{'action': 'move_forward', 'magnitude': 1.21}, {'action': 'move_forward', 'magnitude': 1.2}, {'action': 'turn_left', 'angle': 20}, {'action': 'move_forward', 'magnitude': 0.95}]","[9.47, 0.6100000000000001, 10.04]","[2.36, 1.61, 2.65]","[9.47, 0.6100000000000001, 10.04]","[2.36, 1.61, 2.65]"
"[{'action': 'turn_right', 'angle': 28}, {'action': 'jump', 'force': 14.78}, {'action': 'jump', 'force': 14.25}]","[2.3600000000000003, 20.599999999999998, 8.790000000000001]","[-2.51, 30.189999999999998, 0.14]","[2.3600000000000003, 20.599999999999998, 8.790000000000001]","[-2.51, 30.189999999999998, 0.14]"
"[{'action': 'turn_right', 'angle': 72}, {'action': 'turn_left', 'angle': 64}, {'action': 'turn_right', 'angle': 30}, {'action': 'turn_left', 'angle': 79}, {'action': 'jump', 'force': 13.51}]","[-1.7099999999999997, 16.439999999999998, 5.05]","[-3.53, 11.19, 1.93]","[-1.7099999999999997, 16.439999999999998, 5.05]","[-3.53, 11.19, 1.93]"
"[{'action': 'turn_left', 'angle': 43}, {'action': 'turn_left', 'angle': 51}, {'action': 'turn_right', 'angle': 88}]","[-0.6099999999999999, 6.4, 8.8]","[-2.15, 1.99, 0.85]","[-0.6099999999999999, 6.4, 8.8]","[-2.15, 1.99, 0.85]"
"[{'action': 'turn_right', 'angle': 51}, {'action': 'turn_left', 'angle': 69}, {'action': 'turn_right', 'angle': 56}]","[-9.469999999999999, -2.5999999999999996, 2.78]","[0.47, 0.51, 1.96]","[-9.469999999999999, -2.5999999999999996, 2.78]","[0.47, 0.51, 1.96]"
"[{'action': 'turn_left', 'angle': 51}, {'action': 'move_forward', 'magnitude': 1.46}, {'action': 'turn_left', 'angle': 87}]","[-6.48, 1.67, 5.42]","[-3.34, 3.13, 1.24]","[-6.48, 1.67, 5.42]","[-3.34, 3.13, 1.24]"
"[{'action': 'turn_left', 'angle': 60}, {'action': 'turn_right', 'angle': 66}]","[2.1999999999999997, 9.94, 6.6899999999999995]","[1.91, 2.28, 0.14]","[2.1999999999999997, 9.94, 6.6899999999999995]","[1.91, 2.28, 0.14]"
"[{'action': 'turn_left', 'angle': 30}, {'action': 'jump', 'force': 9.57}, {'action': 'turn_right', 'angle': 29}]","[-7.340000000000001, 10.110000000000001, 11.16]","[1.8, 13.96, 3.04]","[-7.340000000000001, 10.110000000000001, 11.16]","[1.8, 13.96, 3.04]"
"[{'action': 'jump', 'force': 8.76}, {'action': 'move_forward', 'magnitude': 1.42}, {'action': 'turn_left', 'angle': 89}, {'action': 'turn_left', 'angle': 23}, {'action': 'turn_left', 'angle': 15}]","[8.549999999999999, 15.26, 4.35]","[-1.06, 11.48, 2.73]","[8.549999999999999, 15.26, 4.35]","[-1.06, 11.48, 2.73]"
"[{'action': 'turn_left', 'angle': 61}, {'action': 'turn_right', 'angle': 80}, {'action': 'turn_left', 'angle': 39}, {'action': 'move_forward', 'magnitude': 1.64}, {'action': 'move_forward', 'magnitude': 1.12}]","[-5.93, 2.8699999999999997, 6.46]","[2.220446049250313e-16, 2.76, 4.63]","[-5.93, 2.8699999999999997, 6.46]","[2.220446049250313e-16, 2.76, 4.63]"
"[{'action': 'turn_right', 'angle': 26}, {'action': 'jump', 'force': 11.0}, {'action': 'jump', 'force': 11.52}]","[9.35, 26.06, 7.08]","[3.38, 23.369999999999997, 0.2]","[9.35, 26.06, 7.08]","[3.38, 23.369999999999997, 0.2]"
"[{'action': 'jump', 'force': 6.08}, {'action': 'turn_right', 'angle': 43}]","[-3.21, 4.2, 2.73]","[0.4, 1.1600000000000001, 0.03]","[-3.21, 4.2, 2.73]","[0.4, 1.1600000000000001, 0.03]"
"[{'action': 'turn_left', 'angle': 58}, {'action': 'jump', 'force': 7.91}, {'action': 'jump', 'force': 8.85}]","[-6.83, 18.62, 13.68]","[2.09, 14.09, 3.9]","[-6.83, 18.62, 13.68]","[2.09, 14.09, 3.9]"
"[{'action': 'turn_right', 'angle': 47}, {'action': 'jump', 'force': 14.11}, {'action': 'jump', 'force': 8.09}, {'action': 'turn_right', 'angle': 80}]","[0.8900000000000001, 18.379999999999995, 8.49]","[2.54, 21.619999999999997, 4.69]","[0.8900000000000001, 18.379999999999995, 8.49]","[2.54, 21.619999999999997, 4.69]"
"[{'action': 'turn_right', 'angle': 79}, {'action': 'turn_right', 'angle': 60}, {'action': 'turn_right', 'angle': 88}, {'action': 'move_forward', 'magnitude': 1.14}]","[-6.71, -10.39, 6.970000000000001]","[1.0999999999999999, -3.55, 2.49]","[-6.71, -10.39, 6.970000000000001]","[1.0999999999999999, -3.55, 2.49]"
"[{'action': 'turn_right', 'angle': 85}, {'action': 'turn_left', 'angle': 67}, {'action': 'jump', 'force': 9.45}, {'action': 'jump', 'force': 14.55}]","[-7.369999999999999, 29.41, 9.260000000000002]","[-1.27, 28.09, 4.03]","[-7.369999999999999, 29.41, 9.260000000000002]","[-1.27, 28.09, 4.03]"
"[{'action': 'turn_right', 'angle': 16}, {'action': 'jump', 'force': 11.7}]","[4.609999999999999, 16.029999999999998, 3.62]","[2.11, 14.379999999999999, 2.52]","[4.609999999999999, 16.029999999999998, 3.62]","[2.11, 14.379999999999999, 2.52]"
"[{'action': 'turn_right', 'angle': 47}, {'action': 'move_forward', 'magnitude': 1.06}, {'action': 'jump', 'force': 8.43}, {'action': 'turn_right', 'angle': 51}]","[5.740000000000001, 8.04, 5.4]","[5.960000000000001, 4.22, 2.45]","[5.740000000000001, 8.04, 5.4]","[5.960000000000001, 4.22, 2.45]"
"[{'action': 'turn_left', 'angle': 43}, {'action': 'turn_right', 'angle': 88}, {'action': 'jump', 'force': 10.86}, {'action': 'move_forward', 'magnitude': 1.33}, {'action': 'jump', 'force': 10.3}]","[7.0600000000000005, 22.59, 8.24]","[-1.33, 25.37, 1.66]","[7.0600000000000005, 22.59, 8.24]","[-1.33, 25.37, 1.66]"
"[{'action': 'jump', 'force': 7.72}, {'action': 'jump', 'force': 7.96}]","[4.68, 17.220000000000002, 4.3]","[-4.68, 14.870000000000001, 1.92]","[4.68, 17.220000000000002, 4.3]","[-4.68, 14.870000000000001, 1.92]"
"[{'action': 'turn_left', 'angle': 25}, {'action': 'jump', 'force': 12.22}]","[0.7599999999999999, 18.37, 5.57]","[1.43, 16.6, 2.9]","[0.7599999999999999, 18.37, 5.57]","[1.43, 16.6, 2.9]"
"[{'action': 'turn_left', 'angle': 40}, {'action': 'move_forward', 'magnitude': 0.79}, {'action': 'turn_right', 'angle': 36}]","[-11.21, -5.41, 6.41]","[-1.8900000000000001, 1.9, 3.52]","[-11.21, -5.41, 6.41]","[-1.8900000000000001, 1.9, 3.52]"
"[{'action': 'turn_left', 'angle': 73}, {'action': 'jump', 'force': 12.95}, {'action': 'move_forward', 'magnitude': 1.27}]","[13.28, 16.33, 7.34]","[3.6, 9.079999999999998, 4.01]","[13.28, 16.33, 7.34]","[3.6, 9.079999999999998, 4.01]"
"[{'action': 'jump', 'force': 13.32}, {'action': 'turn_left', 'angle': 37}, {'action': 'turn_right', 'angle': 15}, {'action': 'jump', 'force': 9.68}]","[-9.1, 25.94, 10.379999999999999]","[-2.96, 18.42, 2.83]","[-9.1, 25.94, 10.379999999999999]","[-2.96, 18.42, 2.83]"
"[{'action': 'move_forward', 'magnitude': 0.71}, {'action': 'move_forward', 'magnitude': 1.76}, {'action': 'jump', 'force': 11.09}, {'action': 'jump', 'force': 9.89}]","[-2.210000000000001, 16.79, 7.85]","[6.84, 24.33, 2.39]","[-2.210000000000001, 16.79, 7.85]","[6.84, 24.33, 2.39]"
"[{'action': 'turn_left', 'angle': 16}, {'action': 'move_forward', 'magnitude': 1.46}]","[2.9000000000000004, -5.51, 10.17]","[5.2, -4.67, 4.8]","[2.9000000000000004, -5.51, 10.17]","[5.2, -4.67, 4.8]"
"[{'action': 'move_forward', 'magnitude': 1.07}, {'action': 'turn_left', 'angle': 78}]","[3.9399999999999995, 7.79, 8.34]","[-0.6599999999999999, 3.13, 0.57]","[3.9399999999999995, 7.79, 8.34]","[-0.6599999999999999, 3.13, 0.57]"
"[{'action': 'turn_right', 'angle': 22}, {'action': 'move_forward', 'magnitude': 1.72}, {'action': 'turn_left', 'angle': 80}, {'action': 'turn_left', 'angle': 48}, {'action': 'turn_right', 'angle': 74}]","[3.7199999999999998, 3.2299999999999995, 7.26]","[-0.74, -1.62, 2.98]","[3.7199999999999998, 3.2299999999999995, 7.26]","[-0.74, -1.62, 2.98]"
"[{'action': 'jump', 'force': 13.82}, {'action': 'turn_left', 'angle': 46}, {'action': 'turn_left', 'angle': 56}, {'action': 'turn_right', 'angle': 82}, {'action': 'turn_left', 'angle': 88}]","[0.14, 10.219999999999999, 12.39]","[0.98, 15.09, 2.75]","[0.14, 10.219999999999999, 12.39]","[0.98, 15.09, 2.75]"
"[{'action': 'turn_right', 'angle': 62}, {'action': 'turn_left', 'angle': 23}]","[-13.15, 7.23, 10.23]","[-4.83, 2.11, 0.41]","[-13.15, 7.23, 10.23]","[-4.83, 2.11, 0.41]"
"[{'action': 'jump', 'force': 8.41}, {'action': 'turn_left', 'angle': 80}, {'action': 'turn_left', 'angle': 38}, {'action': 'move_forward', 'magnitude': 1.75}, {'action': 'turn_right', 'angle': 21}]","[15.84, 9.34, 4.55]","[6.1, 8.6, 3.11]","[15.84, 9.34, 4.55]","[6.1, 8.6, 3.11]"
"[{'action': 'move_forward', 'magnitude': 1.91}, {'action': 'jump', 'force': 6.32}, {'action': 'turn_left', 'angle': 22}, {'action': 'turn_right', 'angle': 85}, {'action': 'turn_right', 'angle': 73}]","[-6.410000000000001, 4.52, 4.3100000000000005]","[3.0599999999999996, 10.77, 2.79]","[-6.410000000000001, 4.52, 4.3100000000000005]","[3.0599999999999996, 10.77, 2.79]"
"[{'action': 'turn_right', 'angle': 18}, {'action': 'turn_left', 'angle': 33}]","[4.26, -2.23, 7.98]","[1.01, -3.58, 4.36]","[4.26, -2.23, 7.98]","[1.01, -3.58, 4.36]"
"[{'action': 'turn_right', 'angle': 73}, {'action': 'turn_left', 'angle': 32}, {'action': 'turn_left', 'angle': 26}, {'action': 'jump', 'force': 5.97}, {'action': 'jump', 'force': 5.67}]","[2.2700000000000005, 21.34, 9.91]","[-4.81, 12.39, 0.41]","[2.2700000000000005, 21.34, 9.91]","[-4.81, 12.39, 0.41]"
"[{'action': 'move_forward', 'magnitude': 1.14}, {'action': 'turn_left', 'angle': 36}, {'action': 'turn_right', 'angle': 29}, {'action': 'turn_left', 'angle': 69}, {'action': 'move_forward', 'magnitude': 1.36}]","[-1.9899999999999998, 8.6, 2.75]","[-0.8999999999999997, -0.13, 1.27]","[-1.9899999999999998, 8.6, 2.75]","[-0.8999999999999997, -0.13, 1.27]"
"[{'action': 'jump', 'force': 8.73}, {'action': 'turn_left', 'angle': 38}]","[-5.33, 7.34, 10.85]","[3.97, 7.5, 2.11]","[-5.33, 7.34, 10.85]","[3.97, 7.5, 2.11]"
"[{'action': 'turn_right', 'angle': 52}, {'action': 'move_forward', 'magnitude': 0.72}]","[10.26, 10.0, 8.47]","[0.94, 4.93, 1.31]","[10.26, 10.0, 8.47]","[0.94, 4.93, 1.31]"
"[{'action': 'move_forward', 'magnitude': 0.64}, {'action': 'move_forward', 'magnitude': 1.74}]","[-2.27, 1.6800000000000002, 8.85]","[2.07, 1.02, 4.95]","[-2.27, 1.6800000000000002, 8.85]","[2.07, 1.02, 4.95]"
"[{'action': 'jump', 'force': 9.84}, {'action': 'turn_right', 'angle': 56}, {'action': 'turn_right', 'angle': 31}, {'action': 'move_forward', 'magnitude': 1.6}, {'action': 'turn_right', 'angle': 61}]","[-1.5899999999999999, 8.689999999999998, 5.6]","[-0.7799999999999998, 14.649999999999999, 4.3]","[-1.5899999999999999, 8.689999999999998, 5.6]","[-0.7799999999999998, 14.649999999999999, 4.3]"
"[{'action': 'move_forward', 'magnitude': 1.37}, {'action': 'turn_right', 'angle': 62}]","[3.38, 2.76, 10.1]","[3.56, 4.18, 1.86]","[3.38, 2.76, 10.1]","[3.56, 4.18, 1.86]"
"[{'action': 'turn_right', 'angle': 33}, {'action': 'move_forward', 'magnitude': 1.1}, {'action': 'turn_right', 'angle': 61}, {'action': 'jump', 'force': 7.26}, {'action': 'turn_right', 'angle': 82}]","[-1.4899999999999998, 11.280000000000001, 2.05]","[-2.4299999999999997, 10.82, 1.16]","[-1.4899999999999998, 11.280000000000001, 2.05]","[-2.4299999999999997, 10.82, 1.16]"
"[{'action': 'move_forward', 'magnitude': 1.93}, {'action': 'turn_left', 'angle': 36}, {'action': 'turn_right', 'angle': 73}, {'action': 'turn_right', 'angle': 72}, {'action': 'jump', 'force': 10.59}]","[-4.67, 11.290000000000001, 10.22]","[-0.40000000000000013, 12.71, 3.07]","[-4.67, 11.290000000000001, 10.22]","[-0.40000000000000013, 12.71, 3.07]"
"[{'action': 'turn_left', 'angle': 22}, {'action': 'turn_left', 'angle': 90}]","[-10.49, 6.03, 4.15]","[-0.58, 2.18, 2.05]","[-10.49, 6.03, 4.15]","[-0.58, 2.18, 2.05]"
"[{'action': 'turn_right', 'angle': 48}, {'action': 'move_forward', 'magnitude': 0.94}]","[1.35, 9.8, 6.04]","[4.32, 4.36, 4.67]","[1.35, 9.8, 6.04]","[4.32, 4.36, 4.67]"
"[{'action': 'turn_right', 'angle': 33}, {'action': 'turn_right', 'angle': 61}]","[-4.1, 9.45, 6.48]","[-4.27, -0.23, 2.5]","[-4.1, 9.45, 6.48]","[-4.27, -0.23, 2.5]"
"[{'action': 'turn_left', 'angle': 48}, {'action': 'turn_right', 'angle': 33}, {'action': 'jump', 'force': 14.44}, {'action': 'turn_right', 'angle': 46}, {'action': 'jump', 'force': 6.63}]","[2.9899999999999998, 20.87, 8.26]","[3.42, 22.32, 0.37]","[2.9899999999999998, 20.87, 8.26]","[3.42, 22.32, 0.37]"
"[{'action': 'jump', 'force': 9.71}, {'action': 'jump', 'force': 9.95}, {'action': 'turn_left', 'angle': 82}, {'action': 'move_forward', 'magnitude': 0.95}, {'action': 'move_forward', 'magnitude': 1.15}]","[-7.53, 13.34, 6.58]","[-0.24, 18.73, 2.79]","[-7.53, 13.34, 6.58]","[-0.24, 18.73, 2.79]"
"[{'action': 'turn_left', 'angle': 49}, {'action': 'jump', 'force': 7.55}]","[3.1399999999999997, 12.48, 8.59]","[-2.2, 10.55, 3.54]","[3.1399999999999997, 12.48, 8.59]","[-2.2, 10.55, 3.54]"
"[{'action': 'jump', 'force': 10.16}, {'action': 'move_forward', 'magnitude': 0.7}, {'action': 'turn_right', 'angle': 56}]","[4.53, 6.49, 0.79]","[-3.4799999999999995, 6.83, 0.23]","[4.53, 6.49, 0.79]","[-3.4799999999999995, 6.83, 0.23]"
"[{'action': 'turn_left', 'angle': 24}, {'action': 'turn_right', 'angle': 21}]","[1.72, 3.91, 4.88]","[0.99, 3.08, 0.35]","[1.72, 3.91, 4.88]","[0.99, 3.08, 0.35]"
"[{'action': 'turn_left', 'angle': 54}, {'action': 'jump', 'force': 14.35}]","[-7.38, 6.089999999999999, 11.5]","[-3.4, 9.969999999999999, 4.62]","[-7.38, 6.089999999999999, 11.5]","[-3.4, 9.969999999999999, 4.62]"
"[{'action': 'move_forward', 'magnitude': 1.18}, {'action': 'turn_left', 'angle': 75}, {'action': 'move_forward', 'magnitude': 1.88}, {'action': 'jump', 'force': 9.37}]","[-1.4100000000000001, 5.819999999999999, 1.55]","[-1.2000000000000002, 4.659999999999999, 1.5]","[-1.4100000000000001, 5.819999999999999, 1.55]","[-1.2000000000000002, 4.659999999999999, 1.5]"
"[{'action': 'move_forward', 'magnitude': 1.65}, {'action': 'jump', 'force': 13.01}, {'action': 'turn_right', 'angle': 59}]","[0.6999999999999998, 10.229999999999999, 11.26]","[0.5299999999999998, 11.7, 3.54]","[0.6999999999999998, 10.229999999999999, 11.26]","[0.5299999999999998, 11.7, 3.54]"
"[{'action': 'turn_right', 'angle': 28}, {'action': 'jump', 'force': 5.02}, {'action': 'jump', 'force': 8.35}]","[3.459999999999999, 8.489999999999998, 7.19]","[-4.73, 12.7, 0.29]","[3.459999999999999, 8.489999999999998, 7.19]","[-4.73, 12.7, 0.29]"
"[{'action': 'move_forward', 'magnitude': 1.15}, {'action': 'move_forward', 'magnitude': 1.58}]","[-8.27, 8.9, 9.54]","[1.4, 0.33, 2.37]","[-8.27, 8.9, 9.54]","[1.4, 0.33, 2.37]"
"[{'action': 'jump', 'force': 5.79}, {'action': 'turn_left', 'angle': 29}]","[6.2, -6.17, 4.3]","[0.33, 1.3600000000000003, 3.6]","[6.2, -6.17, 4.3]","[0.33, 1.3600000000000003, 3.6]"
"[{'action': 'move_forward', 'magnitude': 1.12}, {'action': 'turn_left', 'angle': 23}, {'action': 'jump', 'force': 9.94}, {'action': 'jump', 'force': 8.8}, {'action': 'move_forward', 'magnitude': 1.02}]","[-1.6900000000000004, 15.39, 5.14]","[6.1, 14.01, 0.54]","[-1.6900000000000004, 15.39, 5.14]","[6.1, 14.01, 0.54]"
"[{'action': 'jump', 'force': 10.4}, {'action': 'turn_right', 'angle': 30}, {'action': 'jump', 'force': 10.72}, {'action': 'turn_left', 'angle': 33}]","[0.21999999999999997, 30.000000000000004, 1.6800000000000002]","[-1.7, 24.380000000000003, 1.28]","[0.21999999999999997, 30.000000000000004, 1.6800000000000002]","[-1.7, 24.380000000000003, 1.28]"
"[{'action': 'turn_left', 'angle': 29}, {'action': 'turn_left', 'angle': 38}]","[-0.79, -3.5600000000000005, 8.03]","[4.81, 4.84, 0.78]","[-0.79, -3.5600000000000005, 8.03]","[4.81, 4.84, 0.78]"
"[{'action': 'move_forward', 'magnitude': 1.97}, {'action': 'move_forward', 'magnitude': 0.7}, {'action': 'move_forward', 'magnitude': 1.22}, {'action': 'turn_left', 'angle': 60}, {'action': 'turn_left', 'angle': 67}]","[6.85, 4.88, 11.88]","[6.42, 1.71, 3.97]","[6.85, 4.88, 11.88]","[6.42, 1.71, 3.97]"
"[{'action': 'jump', 'force': 11.86}, {'action': 'turn_left', 'angle': 24}, {'action': 'move_forward', 'magnitude': 1.87}, {'action': 'turn_right', 'angle': 62}, {'action': 'turn_left', 'angle': 50}]","[10.44, 15.86, 3.2]","[3.52, 14.07, 2.11]","[10.44, 15.86, 3.2]","[3.52, 14.07, 2.11]"
"[{'action': 'turn_right', 'angle': 66}, {'action': 'move_forward', 'magnitude': 1.84}, {'action': 'turn_right', 'angle': 28}, {'action': 'turn_right', 'angle': 46}, {'action': 'move_forward', 'magnitude': 0.88}]","[-5.8999999999999995, -0.4300000000000006, 4.93]","[-0.4299999999999998, -4.65, 4.25]","[-5.8999999999999995, -0.4300000000000006, 4.93]","[-0.4299999999999998, -4.65, 4.25]"
"[{'action': 'move_forward', 'magnitude': 1.64}, {'action': 'turn_right', 'angle': 70}, {'action': 'turn_left', 'angle': 79}, {'action': 'turn_right', 'angle': 18}]","[-1.1900000000000004, 6.470000000000001, 2.73]","[3.46, -1.14, 0.44]","[-1.1900000000000004, 6.470000000000001, 2.73]","[3.46, -1.14, 0.44]"
"[{'action': 'turn_right', 'angle': 32}, {'action': 'turn_left', 'angle': 43}, {'action': 'jump', 'force': 13.47}]","[5.680000000000001, 19.78, 3.34]","[1.53, 17.91, 2.13]","[5.680000000000001, 19.78, 3.34]","[1.53, 17.91, 2.13]"
"[{'action': 'turn_right', 'angle': 46}, {'action': 'turn_left', 'angle': 76}, {'action': 'turn_left', 'angle': 77}, {'action': 'move_forward', 'magnitude': 1.73}, {'action': 'turn_left', 'angle': 79}]","[1.89, -9.82, 3.5700000000000003]","[0.3999999999999999, 0.15, 2.29]","[1.89, -9.82, 3.5700000000000003]","[0.3999999999999999, 0.15, 2.29]"
"[{'action': 'jump', 'force': 5.02}, {'action': 'jump', 'force': 6.57}]","[12.35, 19.31, 9.68]","[3.67, 11.77, 4.36]","[12.35, 19.31, 9.68]","[3.67, 11.77, 4.36]"
"[{'action': 'jump', 'force': 6.18}, {'action': 'turn_left', 'angle': 40}, {'action': 'turn_right', 'angle': 15}, {'action': 'turn_left', 'angle': 59}, {'action': 'jump', 'force': 9.28}]","[1.7400000000000002, 16.97, 9.75]","[4.62, 16.68, 3.38]","[1.7400000000000002, 16.97, 9.75]","[4.62, 16.68, 3.38]"
"[{'action': 'jump', 'force': 5.03}, {'action': 'move_forward', 'magnitude': 1.39}, {'action': 'turn_left', 'angle': 30}, {'action': 'turn_right', 'angle': 35}, {'action': 'turn_left', 'angle': 69}]","[8.67, 4.0200000000000005, 4.91]","[2.6799999999999997, 2.2500000000000004, 0.42]","[8.67, 4.0200000000000005, 4.91]","[2.6799999999999997, 2.2500000000000004, 0.42]"
"[{'action': 'move_forward', 'magnitude': 0.71}, {'action': 'turn_right', 'angle': 47}, {'action': 'turn_left', 'angle': 17}, {'action': 'move_forward', 'magnitude': 1.84}, {'action': 'jump', 'force': 8.26}]","[-10.27, 14.8, 6.51]","[-1.9000000000000001, 9.31, 0.81]","[-10.27, 14.8, 6.51]","[-1.9000000000000001, 9.31, 0.81]"
"[{'action': 'turn_right', 'angle': 16}, {'action': 'jump', 'force': 7.09}]","[6.49, 1.92, 1.1099999999999999]","[-0.09, 8.32, 0.96]","[6.49, 1.92, 1.1099999999999999]","[-0.09, 8.32, 0.96]"
"[{'action': 'turn_left', 'angle': 36}, {'action': 'turn_right', 'angle': 15}, {'action': 'jump', 'force': 5.1}]","[5.75, -6.0600000000000005, 5.09]","[-1.47, 1.4299999999999997, 2.08]","[5.75, -6.0600000000000005, 5.09]","[-1.47, 1.4299999999999997, 2.08]"
"[{'action': 'turn_right', 'angle': 88}, {'action': 'move_forward', 'magnitude': 1.96}, {'action': 'turn_left', 'angle': 71}, {'action': 'jump', 'force': 10.93}]","[0.1800000000000006, 17.45, 12.44]","[4.23, 14.24, 3.35]","[0.1800000000000006, 17.45, 12.44]","[4.23, 14.24, 3.35]"
"[{'action': 'turn_right', 'angle': 30}, {'action': 'jump', 'force': 7.3}, {'action': 'jump', 'force': 5.81}, {'action': 'move_forward', 'magnitude': 1.56}]","[0.6, 16.83, 7.41]","[0.22999999999999998, 14.239999999999998, 0.63]","[0.6, 16.83, 7.41]","[0.22999999999999998, 14.239999999999998, 0.63]"
"[{'action': 'turn_left', 'angle': 38}, {'action': 'move_forward', 'magnitude': 0.76}, {'action': 'move_forward', 'magnitude': 1.83}, {'action': 'move_forward', 'magnitude': 1.48}]","[5.54, 0.5700000000000001, 13.530000000000001]","[5.16, -1.13, 4.89]","[5.54, 0.5700000000000001, 13.530000000000001]","[5.16, -1.13, 4.89]"
"[{'action': 'jump', 'force': 6.66}, {'action': 'jump', 'force': 11.45}, {'action': 'move_forward', 'magnitude': 0.87}, {'action': 'turn_right', 'angle': 73}]","[-13.79, 18.4, 9.32]","[-3.95, 13.85, 0.61]","[-13.79, 18.4, 9.32]","[-3.95, 13.85, 0.61]"
"[{'action': 'jump', 'force': 9.2}, {'action': 'jump', 'force': 14.8}]","[-10.88, 17.660000000000004, 10.540000000000001]","[-1.75, 21.310000000000002, 1.23]","[-10.88, 17.660000000000004, 10.540000000000001]","[-1.75, 21.310000000000002, 1.23]"
"[{'action': 'move_forward', 'magnitude': 1.94}, {'action': 'jump', 'force': 10.7}, {'action': 'turn_right', 'angle': 44}, {'action': 'move_forward', 'magnitude': 1.64}, {'action': 'turn_right', 'angle': 51}]","[-2.9300000000000006, 1.5999999999999996, 5.9]","[4.76, 10.86, 1.6]","[-2.9300000000000006, 1.5999999999999996, 5.9]","[4.76, 10.86, 1.6]"
"[{'action': 'turn_right', 'angle': 15}, {'action': 'turn_left', 'angle': 15}, {'action': 'turn_left', 'angle': 40}, {'action': 'jump', 'force': 10.37}]","[-10.1, 8.299999999999999, 8.64]","[-0.43, 5.779999999999999, 3.58]","[-10.1, 8.299999999999999, 8.64]","[-0.43, 5.779999999999999, 3.58]"
"[{'action': 'turn_right', 'angle': 88}, {'action': 'move_forward', 'magnitude': 1.64}]","[15.309999999999999, -13.68, 6.4399999999999995]","[5.47, -3.69, 3.4]","[15.309999999999999, -13.68, 6.4399999999999995]","[5.47, -3.69, 3.4]"
"[{'action': 'jump', 'force': 7.33}, {'action': 'move_forward', 'magnitude': 1.85}]","[6.17, 15.46, 10.39]","[3.08, 9.39, 4.26]","[6.17, 15.46, 10.39]","[3.08, 9.39, 4.26]"
"[{'action': 'turn_left', 'angle': 24}, {'action': 'turn_right', 'angle': 46}]","[-8.639999999999999, 6.289999999999999, 5.99]","[-0.6, 3.76, 4.08]","[-8.639999999999999, 6.289999999999999, 5.99]","[-0.6, 3.76, 4.08]"
"[{'action': 'turn_right', 'angle': 70}, {'action': 'jump', 'force': 10.58}, {'action': 'move_forward', 'magnitude': 1.13}, {'action': 'move_forward', 'magnitude': 0.82}]","[9.23, 2.1200000000000006, 4.11]","[6.180000000000001, 6.0600000000000005, 1.59]","[9.23, 2.1200000000000006, 4.11]","[6.180000000000001, 6.0600000000000005, 1.59]"
"[{'action': 'move_forward', 'magnitude': 1.31}, {'action': 'move_forward', 'magnitude': 1.11}, {'action': 'move_forward', 'magnitude': 1.18}, {'action': 'move_forward', 'magnitude': 0.54}]","[1.7300000000000004, 10.35, 3.12]","[6.78, 3.77, 1.11]","[1.7300000000000004, 10.35, 3.12]","[6.78, 3.77, 1.11]"
"[{'action': 'turn_right', 'angle': 25}, {'action': 'jump', 'force': 11.98}, {'action': 'turn_right', 'angle': 26}, {'action': 'turn_left', 'angle': 50}]","[-4.41, 14.73, 8.63]","[-0.8, 12.82, 1.64]","[-4.41, 14.73, 8.63]","[-0.8, 12.82, 1.64]"
"[{'action': 'turn_right', 'angle': 39}, {'action': 'turn_left', 'angle': 44}, {'action': 'jump', 'force': 6.71}, {'action': 'turn_right', 'angle': 16}, {'action': 'move_forward', 'magnitude': 1.49}]","[10.600000000000001, 10.39, 5.54]","[1.72, 3.16, 3.11]","[10.600000000000001, 10.39, 5.54]","[1.72, 3.16, 3.11]"
"[{'action': 'move_forward', 'magnitude': 1.43}, {'action': 'turn_left', 'angle': 58}]","[-2.33, 1.4, 7.02]","[1.76, 0.45, 2.03]","[-2.33, 1.4, 7.02]","[1.76, 0.45, 2.03]"
"[{'action': 'turn_right', 'angle': 37}, {'action': 'move_forward', 'magnitude': 1.3}, {'action': 'turn_right', 'angle': 88}, {'action': 'move_forward', 'magnitude': 1.3}, {'action': 'turn_left', 'angle': 26}]","[6.2700000000000005, -1.54, 11.66]","[0.6900000000000002, 0.5, 3.44]","[6.2700000000000005, -1.54, 11.66]","[0.6900000000000002, 0.5, 3.44]"
"[{'action': 'turn_right', 'angle': 35}, {'action': 'jump', 'force': 12.52}, {'action': 'move_forward', 'magnitude': 1.13}, {'action': 'turn_right', 'angle': 20}, {'action': 'jump', 'force': 10.56}]","[-1.67, 27.39, 10.15]","[1.69, 19.73, 2.91]","[-1.67, 27.39, 10.15]","[1.69, 19.73, 2.91]"
"[{'action': 'turn_right', 'angle': 74}, {'action': 'turn_left', 'angle': 26}, {'action': 'turn_left', 'angle': 71}, {'action': 'turn_right', 'angle': 45}]","[-10.55, -8.469999999999999, 9.04]","[-2.61, 0.56, 2.74]","[-10.55, -8.469999999999999, 9.04]","[-2.61, 0.56, 2.74]"
"[{'action': 'turn_left', 'angle': 61}, {'action': 'jump', 'force': 7.79}, {'action': 'turn_right', 'angle': 86}]","[-2.0599999999999996, 17.65, 7.42]","[1.22, 8.45, 4.24]","[-2.0599999999999996, 17.65, 7.42]","[1.22, 8.45, 4.24]"
"[{'action': 'turn_left', 'angle': 76}, {'action': 'jump', 'force': 13.59}, {'action': 'move_forward', 'magnitude': 0.95}]","[7.989999999999999, 23.110000000000003, 3.5300000000000002]","[2.6399999999999997, 17.42, 1.12]","[7.989999999999999, 23.110000000000003, 3.5300000000000002]","[2.6399999999999997, 17.42, 1.12]"
"[{'action': 'jump', 'force': 5.6}, {'action': 'move_forward', 'magnitude': 1.42}, {'action': 'turn_right', 'angle': 43}, {'action': 'move_forward', 'magnitude': 0.82}, {'action': 'jump', 'force': 13.82}]","[9.58, 16.25, 11.06]","[2.59, 19.45, 3.0]","[9.58, 16.25, 11.06]","[2.59, 19.45, 3.0]"
"[{'action': 'turn_right', 'angle': 34}, {'action': 'jump', 'force': 5.94}, {'action': 'move_forward', 'magnitude': 1.44}]","[6.359999999999999, 8.08, 4.59]","[2.02, 7.32, 2.17]","[6.359999999999999, 8.08, 4.59]","[2.02, 7.32, 2.17]"
"[{'action': 'turn_left', 'angle': 75}, {'action': 'jump', 'force': 10.84}, {'action': 'turn_right', 'angle': 85}, {'action': 'jump', 'force': 10.42}, {'action': 'move_forward', 'magnitude': 1.17}]","[4.07, 27.53, 8.690000000000001]","[4.5600000000000005, 25.82, 1.37]","[4.07, 27.53, 8.690000000000001]","[4.5600000000000005, 25.82, 1.37]"
"[{'action': 'turn_left', 'angle': 32}, {'action': 'turn_left', 'angle': 26}, {'action': 'jump', 'force': 13.84}, {'action': 'turn_right', 'angle': 59}]","[0.3699999999999999, 8.850000000000001, 6.0]","[-1.6, 16.55, 0.8]","[0.3699999999999999, 8.850000000000001, 6.0]","[-1.6, 16.55, 0.8]"
"[{'action': 'move_forward', 'magnitude': 0.55}, {'action': 'move_forward', 'magnitude': 1.65}, {'action': 'jump', 'force': 13.65}, {'action': 'turn_left', 'angle': 84}]","[-9.38, 15.070000000000002, 9.450000000000001]","[-1.5900000000000003, 17.35, 0.72]","[-9.38, 15.070000000000002, 9.450000000000001]","[-1.5900000000000003, 17.35, 0.72]"
"[{'action': 'move_forward', 'magnitude': 1.92}, {'action': 'turn_left', 'angle': 89}, {'action': 'turn_right', 'angle': 61}]","[-4.800000000000001, -4.19, 1.4900000000000002]","[1.15, 2.21, 1.12]","[-4.800000000000001, -4.19, 1.4900000000000002]","[1.15, 2.21, 1.12]"
"[{'action': 'turn_right', 'angle': 73}, {'action': 'turn_left', 'angle': 76}, {'action': 'move_forward', 'magnitude': 1.09}, {'action': 'move_forward', 'magnitude': 1.41}]","[0.36000000000000004, -3.6799999999999997, 13.700000000000001]","[0.78, -2.5, 3.73]","[0.36000000000000004, -3.6799999999999997, 13.700000000000001]","[0.78, -2.5, 3.73]"
"[{'action': 'turn_right', 'angle': 15}, {'action': 'move_forward', 'magnitude': 1.91}]","[1.73, 5.210000000000001, 3.12]","[-0.040000000000000036, -3.02, 0.08]","[1.73, 5.210000000000001, 3.12]","[-0.040000000000000036, -3.02, 0.08]"
"[{'action': 'move_forward', 'magnitude': 1.75}, {'action': 'move_forward', 'magnitude': 1.39}, {'action': 'turn_left', 'angle': 47}]","[5.55, 5.6, 9.58]","[7.18, 3.93, 2.76]","[5.55, 5.6, 9.58]","[7.18, 3.93, 2.76]"
"[{'action': 'jump', 'force': 14.19}, {'action': 'jump', 'force': 9.45}, {'action': 'turn_right', 'angle': 47}, {'action': 'turn_right', 'angle': 89}]","[1.8399999999999999, 27.509999999999998, 7.89]","[-4.2, 24.589999999999996, 0.63]","[1.8399999999999999, 27.509999999999998, 7.89]","[-4.2, 24.589999999999996, 0.63]"
"[{'action': 'turn_right', 'angle': 73}, {'action': 'turn_right', 'angle': 22}]","[0.27, -0.41, 11.86]","[-1.13, -0.82, 4.64]","[0.27, -0.41, 11.86]","[-1.13, -0.82, 4.64]"
"[{'action': 'turn_left', 'angle': 89}, {'action': 'jump', 'force': 11.6}]","[-1.2000000000000002, 4.15, 10.51]","[-3.93, 8.14, 3.72]","[-1.2000000000000002, 4.15, 10.51]","[-3.93, 8.14, 3.72]"
"[{'action': 'turn_right', 'angle': 71}, {'action': 'turn_right', 'angle': 67}, {'action': 'turn_left', 'angle': 23}, {'action': 'move_forward', 'magnitude': 0.57}, {'action': 'turn_right', 'angle': 47}]","[-5.62, 9.559999999999999, 5.75]","[-1.75, 0.44, 4.98]","[-5.62, 9.559999999999999, 5.75]","[-1.75, 0.44, 4.98]"
"[{'action': 'turn_right', 'angle': 21}, {'action': 'move_forward', 'magnitude': 1.58}, {'action': 'turn_left', 'angle': 46}, {'action': 'jump', 'force': 12.06}, {'action': 'turn_right', 'angle': 64}]","[1.57, 10.31, 12.18]","[0.8200000000000001, 8.620000000000001, 2.38]","[1.57, 10.31, 12.18]","[0.8200000000000001, 8.620000000000001, 2.38]"
"[{'action': 'turn_right', 'angle': 85}, {'action': 'turn_right', 'angle': 37}]","[1.34, -4.35, 9.43]","[0.3, -1.32, 2.7]","[1.34, -4.35, 9.43]","[0.3, -1.32, 2.7]"
"[{'action': 'move_forward', 'magnitude': 0.64}, {'action': 'turn_left', 'angle': 30}, {'action': 'jump', 'force': 13.93}, {'action': 'jump', 'force': 5.39}, {'action': 'turn_right', 'angle': 64}]","[1.2200000000000002, 22.060000000000002, 10.059999999999999]","[-0.9400000000000001, 17.71, 4.93]","[1.2200000000000002, 22.060000000000002, 10.059999999999999]","[-0.9400000000000001, 17.71, 4.93]"
"[{'action': 'jump', 'force': 13.74}, {'action': 'turn_left', 'angle': 86}, {'action': 'turn_right', 'angle': 87}, {'action': 'move_forward', 'magnitude': 1.69}]","[-10.360000000000001, 5.84, 2.43]","[-2.06, 12.6, 2.25]","[-10.360000000000001, 5.84, 2.43]","[-2.06, 12.6, 2.25]"
"[{'action': 'turn_right', 'angle': 44}, {'action': 'turn_right', 'angle': 56}]","[-7.64, -10.31, 11.649999999999999]","[-3.54, -4.62, 2.88]","[-7.64, -10.31, 11.649999999999999]","[-3.54, -4.62, 2.88]"
"[{'action': 'jump', 'force': 8.42}, {'action': 'jump', 'force': 9.85}, {'action': 'turn_right', 'angle': 69}]","[-2.1799999999999997, 13.01, 3.84]","[-2.63, 22.89, 0.63]","[-2.1799999999999997, 13.01, 3.84]","[-2.63, 22.89, 0.63]"
"[{'action': 'move_forward', 'magnitude': 1.44}, {'action': 'turn_left', 'angle': 34}, {'action': 'turn_right', 'angle': 54}, {'action': 'jump', 'force': 14.88}]","[9.5, 21.76, 8.2]","[-0.040000000000000036, 13.88, 1.57]","[9.5, 21.76, 8.2]","[-0.040000000000000036, 13.88, 1.57]"
"[{'action': 'turn_left', 'angle': 69}, {'action': 'jump', 'force': 9.92}, {'action': 'turn_right', 'angle': 27}, {'action': 'jump', 'force': 14.88}, {'action': 'jump', 'force': 9.5}]","[11.02, 42.290000000000006, 4.08]","[2.2, 37.84, 3.82]","[11.02, 42.290000000000006, 4.08]","[2.2, 37.84, 3.82]"
"[{'action': 'turn_left', 'angle': 75}, {'action': 'move_forward', 'magnitude': 1.85}]","[-1.4299999999999997, 2.44, 7.1000000000000005]","[-2.4899999999999998, -2.15, 4.23]","[-1.4299999999999997, 2.44, 7.1000000000000005]","[-2.4899999999999998, -2.15, 4.23]"
"[{'action': 'jump', 'force': 9.07}, {'action': 'jump', 'force': 7.93}, {'action': 'jump', 'force': 8.23}, {'action': 'turn_right', 'angle': 84}, {'action': 'jump', 'force': 11.05}]","[9.370000000000001, 39.169999999999995, 4.03]","[4.9, 38.91, 0.4]","[9.370000000000001, 39.169999999999995, 4.03]","[4.9, 38.91, 0.4]"
"[{'action': 'move_forward', 'magnitude': 1.64}, {'action': 'turn_right', 'angle': 29}, {'action': 'move_forward', 'magnitude': 1.86}]","[6.470000000000001, -4.81, 10.5]","[5.1000000000000005, -2.53, 2.25]","[6.470000000000001, -4.81, 10.5]","[5.1000000000000005, -2.53, 2.25]"
"[{'action': 'turn_left', 'angle': 83}, {'action': 'jump', 'force': 5.69}, {'action': 'move_forward', 'magnitude': 1.11}]","[10.85, 4.4399999999999995, 2.5999999999999996]","[5.0, 7.34, 1.9]","[10.85, 4.4399999999999995, 2.5999999999999996]","[5.0, 7.34, 1.9]"
"[{'action': 'turn_right', 'angle': 43}, {'action': 'jump', 'force': 14.94}, {'action': 'jump', 'force': 8.78}]","[-1.26, 33.31, 4.83]","[-1.22, 25.42, 4.13]","[-1.26, 33.31, 4.83]","[-1.22, 25.42, 4.13]"
"[{'action': 'turn_left', 'angle': 56}, {'action': 'turn_right', 'angle': 62}, {'action': 'move_forward', 'magnitude': 1.17}, {'action': 'turn_left', 'angle': 75}, {'action': 'turn_right', 'angle': 70}]","[-4.31, -9.45, 6.74]","[1.28, -2.06, 0.86]","[-4.31, -9.45, 6.74]","[1.28, -2.06, 0.86]"
"[{'action': 'turn_left', 'angle': 75}, {'action': 'turn_left', 'angle': 77}]","[-0.04999999999999982, -4.12, 12.120000000000001]","[3.25, 1.92, 2.47]","[-0.04999999999999982, -4.12, 12.120000000000001]","[3.25, 1.92, 2.47]"
"[{'action': 'move_forward', 'magnitude': 1.34}, {'action': 'turn_right', 'angle': 38}, {'action': 'jump', 'force': 10.34}, {'action': 'jump', 'force': 8.2}]","[-8.84, 18.409999999999997, 11.04]","[0.9400000000000001, 15.239999999999998, 2.92]","[-8.84, 18.409999999999997, 11.04]","[0.9400000000000001, 15.239999999999998, 2.92]"
"[{'action': 'jump', 'force': 11.29}, {'action': 'turn_left', 'angle': 72}, {'action': 'turn_left', 'angle': 25}, {'action': 'jump', 'force': 10.81}]","[2.6399999999999997, 23.380000000000003, 9.120000000000001]","[-2.88, 21.53, 4.37]","[2.6399999999999997, 23.380000000000003, 9.120000000000001]","[-2.88, 21.53, 4.37]"
"[{'action': 'turn_left', 'angle': 65}, {'action': 'jump', 'force': 14.36}, {'action': 'turn_right', 'angle': 29}]","[4.94, 21.13, 9.0]","[-2.55, 14.51, 2.62]","[4.94, 21.13, 9.0]","[-2.55, 14.51, 2.62]"
"[{'action': 'jump', 'force': 7.1}, {'action': 'move_forward', 'magnitude': 1.81}, {'action': 'turn_left', 'angle': 65}, {'action': 'move_forward', 'magnitude': 1.44}, {'action': 'turn_left', 'angle': 45}]","[8.379999999999999, -4.26, 9.059999999999999]","[-0.41000000000000014, 5.18, 1.63]","[8.379999999999999, -4.26, 9.059999999999999]","[-0.41000000000000014, 5.18, 1.63]"
"[{'action': 'turn_right', 'angle': 69}, {'action': 'turn_right', 'angle': 26}]","[4.84, -0.8799999999999999, 3.78]","[0.38, -3.57, 1.38]","[4.84, -0.8799999999999999, 3.78]","[0.38, -3.57, 1.38]"
"[{'action': 'move_forward', 'magnitude': 1.47}, {'action': 'move_forward', 'magnitude': 1.04}, {'action': 'turn_left', 'angle': 29}, {'action': 'jump', 'force': 11.76}]","[8.13, 3.76, 7.1899999999999995]","[-1.5, 12.959999999999999, 4.63]","[8.13, 3.76, 7.1899999999999995]","[-1.5, 12.959999999999999, 4.63]"
"[{'action': 'turn_right', 'angle': 24}, {'action': 'turn_right', 'angle': 82}]","[-2.62, 5.24, 11.02]","[-2.94, -3.36, 1.15]","[-2.62, 5.24, 11.02]","[-2.94, -3.36, 1.15]"
"[{'action': 'turn_left', 'angle': 45}, {'action': 'jump', 'force': 13.84}, {'action': 'jump', 'force': 6.48}]","[6.5, 14.030000000000001, 6.42]","[3.85, 22.48, 2.18]","[6.5, 14.030000000000001, 6.42]","[3.85, 22.48, 2.18]"
"[{'action': 'jump', 'force': 7.38}, {'action': 'jump', 'force': 12.38}, {'action': 'turn_left', 'angle': 17}]","[-0.3899999999999999, 5.450000000000001, 6.869999999999999]","[1.5, 14.88, 1.35]","[-0.3899999999999999, 5.450000000000001, 6.869999999999999]","[1.5, 14.88, 1.35]"
"[{'action': 'jump', 'force': 13.99}, {'action': 'jump', 'force': 5.75}]","[-2.72, 7.040000000000001, 10.59]","[0.71, 15.56, 1.62]","[-2.72, 7.040000000000001, 10.59]","[0.71, 15.56, 1.62]"
"[{'action': 'turn_right', 'angle': 31}, {'action': 'turn_right', 'angle': 86}, {'action': 'jump', 'force': 5.36}]","[-3.09, 14.32, 11.39]","[-2.11, 5.8500000000000005, 2.01]","[-3.09, 14.32, 11.39]","[-2.11, 5.8500000000000005, 2.01]"
"[{'action': 'turn_right', 'angle': 63}, {'action': 'move_forward', 'magnitude': 1.1}]","[9.7, -5.13, 2.91]","[2.04, -2.01, 1.49]","[9.7, -5.13, 2.91]","[2.04, -2.01, 1.49]"
"[{'action': 'turn_left', 'angle': 31}, {'action': 'turn_left', 'angle': 55}, {'action': 'turn_right', 'angle': 62}, {'action': 'move_forward', 'magnitude': 1.36}, {'action': 'jump', 'force': 10.75}]","[-1.8299999999999996, 0.7999999999999989, 7.7299999999999995]","[-1.2499999999999998, 9.69, 2.96]","[-1.8299999999999996, 0.7999999999999989, 7.7299999999999995]","[-1.2499999999999998, 9.69, 2.96]"
"[{'action': 'turn_right', 'angle': 61}, {'action': 'turn_right', 'angle': 53}, {'action': 'jump', 'force': 12.23}]","[-3.06, 7.160000000000001, 4.57]","[3.39, 13.030000000000001, 2.2]","[-3.06, 7.160000000000001, 4.57]","[3.39, 13.030000000000001, 2.2]"
"[{'action': 'turn_left', 'angle': 85}, {'action': 'jump', 'force': 5.81}]","[11.91, 16.3, 9.309999999999999]","[4.62, 6.3999999999999995, 4.72]","[11.91, 16.3, 9.309999999999999]","[4.62, 6.3999999999999995, 4.72]"
"[{'action': 'turn_left', 'angle': 73}, {'action': 'move_forward', 'magnitude': 1.19}, {'action': 'turn_right', 'angle': 24}]","[-4.49, 3.06, 8.39]","[3.66, 3.06, 4.7]","[-4.49, 3.06, 8.39]","[3.66, 3.06, 4.7]"
"[{'action': 'turn_right', 'angle': 90}, {'action': 'turn_left', 'angle': 19}]","[9.65, -9.86, 8.52]","[0.13, -1.88, 2.94]","[9.65, -9.86, 8.52]","[0.13, -1.88, 2.94]"
"[{'action': 'jump', 'force': 12.18}, {'action': 'jump', 'force': 14.89}]","[6.8, 22.34, 12.23]","[4.76, 26.57, 4.35]","[6.8, 22.34, 12.23]","[4.76, 26.57, 4.35]"
"[{'action': 'turn_left', 'angle': 73}, {'action': 'jump', 'force': 12.6}]","[3.3200000000000003, 17.39, 10.709999999999999]","[0.76, 17.22, 3.28]","[3.3200000000000003, 17.39, 10.709999999999999]","[0.76, 17.22, 3.28]"
"[{'action': 'turn_left', 'angle': 17}, {'action': 'move_forward', 'magnitude': 1.6}, {'action': 'turn_right', 'angle': 46}, {'action': 'jump', 'force': 5.81}]","[1.2899999999999996, 2.88, 4.26]","[5.01, 2.6599999999999997, 1.23]","[1.2899999999999996, 2.88, 4.26]","[5.01, 2.6599999999999997, 1.23]"
"[{'action': 'move_forward', 'magnitude': 0.97}, {'action': 'jump', 'force': 10.15}]","[6.7, 5.81, 8.56]","[3.37, 12.5, 0.63]","[6.7, 5.81, 8.56]","[3.37, 12.5, 0.63]"
"[{'action': 'turn_left', 'angle': 43}, {'action': 'jump', 'force': 6.02}, {'action': 'jump', 'force': 9.48}, {'action': 'turn_right', 'angle': 42}, {'action': 'move_forward', 'magnitude': 0.76}]","[-8.03, 16.950000000000003, 8.58]","[-0.19999999999999996, 18.92, 1.8]","[-8.03, 16.950000000000003, 8.58]","[-0.19999999999999996, 18.92, 1.8]"
"[{'action': 'move_forward', 'magnitude': 1.84}, {'action': 'move_forward', 'magnitude': 1.66}]","[13.760000000000002, -12.16, 13.89]","[6.28, -2.59, 4.96]","[13.760000000000002, -12.16, 13.89]","[6.28, -2.59, 4.96]"
"[{'action': 'turn_right', 'angle': 53}, {'action': 'jump', 'force': 11.31}, {'action': 'turn_left', 'angle': 40}, {'action': 'turn_left', 'angle': 32}, {'action': 'jump', 'force': 7.68}]","[-1.3800000000000001, 6.42, 11.33]","[-2.49, 14.52, 3.67]","[-1.3800000000000001, 6.42, 11.33]","[-2.49, 14.52, 3.67]"
"[{'action': 'turn_left', 'angle': 64}, {'action': 'turn_right', 'angle': 27}, {'action': 'jump', 'force': 11.51}, {'action': 'turn_right', 'angle': 30}, {'action': 'turn_right', 'angle': 65}]","[5.38, 10.22, 7.99]","[1.99, 13.58, 1.5]","[5.38, 10.22, 7.99]","[1.99, 13.58, 1.5]"
"[{'action': 'jump', 'force': 13.19}, {'action': 'turn_left', 'angle': 30}, {'action': 'turn_left', 'angle': 57}, {'action': 'jump', 'force': 7.71}, {'action': 'move_forward', 'magnitude': 0.94}]","[4.440892098500626e-16, 20.64, 4.83]","[-3.9499999999999997, 22.31, 1.46]","[4.440892098500626e-16, 20.64, 4.83]","[-3.9499999999999997, 22.31, 1.46]"
"[{'action': 'turn_left', 'angle': 75}, {'action': 'move_forward', 'magnitude': 1.13}, {'action': 'jump', 'force': 7.88}, {'action': 'turn_left', 'angle': 78}]","[8.370000000000001, 0.47999999999999954, 6.38]","[0.9699999999999999, 3.0599999999999996, 0.16]","[8.370000000000001, 0.47999999999999954, 6.38]","[0.9699999999999999, 3.0599999999999996, 0.16]"
"[{'action': 'jump', 'force': 12.36}, {'action': 'turn_right', 'angle': 48}, {'action': 'move_forward', 'magnitude': 1.05}]","[-8.98, 8.489999999999998, 12.59]","[0.3600000000000001, 14.45, 4.21]","[-8.98, 8.489999999999998, 12.59]","[0.3600000000000001, 14.45, 4.21]"
"[{'action': 'turn_left', 'angle': 19}, {'action': 'turn_left', 'angle': 70}, {'action': 'jump', 'force': 7.98}, {'action': 'jump', 'force': 11.92}, {'action': 'jump', 'force': 12.35}]","[0.47000000000000003, 38.02, 7.529999999999999]","[0.9, 35.81, 2.57]","[0.47000000000000003, 38.02, 7.529999999999999]","[0.9, 35.81, 2.57]"
"[{'action': 'turn_right', 'angle': 72}, {'action': 'move_forward', 'magnitude': 1.98}, {'action': 'turn_right', 'angle': 84}, {'action': 'turn_right', 'angle': 78}, {'action': 'turn_left', 'angle': 48}]","[6.79, 3.5500000000000003, 8.75]","[4.79, -2.07, 2.03]","[6.79, 3.5500000000000003, 8.75]","[4.79, -2.07, 2.03]"
"[{'action': 'move_forward', 'magnitude': 1.53}, {'action': 'move_forward', 'magnitude': 1.57}, {'action': 'turn_left', 'angle': 79}]","[4.48, 3.2499999999999996, 7.25]","[-1.0999999999999999, -2.1, 1.69]","[4.48, 3.2499999999999996, 7.25]","[-1.0999999999999999, -2.1, 1.69]"
"[{'action': 'move_forward', 'magnitude': 0.77}, {'action': 'jump', 'force': 7.01}]","[8.53, 6.149999999999999, 9.7]","[3.65, 11.559999999999999, 3.26]","[8.53, 6.149999999999999, 9.7]","[3.65, 11.559999999999999, 3.26]"
"[{'action': 'turn_left', 'angle': 78}, {'action': 'turn_right', 'angle': 87}, {'action': 'jump', 'force': 6.17}, {'action': 'jump', 'force': 13.33}]","[6.880000000000001, 26.5, 11.139999999999999]","[0.69, 19.36, 1.27]","[6.880000000000001, 26.5, 11.139999999999999]","[0.69, 19.36, 1.27]"
"[{'action': 'jump', 'force': 13.52}, {'action': 'turn_left', 'angle': 73}]","[-3.13, 7.17, 2.16]","[2.01, 10.95, 0.55]","[-3.13, 7.17, 2.16]","[2.01, 10.95, 0.55]"
"[{'action': 'turn_right', 'angle': 35}, {'action': 'turn_left', 'angle': 66}, {'action': 'turn_right', 'angle': 27}, {'action': 'turn_left', 'angle': 73}, {'action': 'jump', 'force': 5.57}]","[-7.61, 14.76, 4.57]","[-3.58, 7.41, 0.56]","[-7.61, 14.76, 4.57]","[-3.58, 7.41, 0.56]"
"[{'action': 'turn_right', 'angle': 70}, {'action': 'jump', 'force': 7.59}, {'action': 'turn_left', 'angle': 26}, {'action': 'move_forward', 'magnitude': 1.47}, {'action': 'jump', 'force': 8.88}]","[5.08, 12.070000000000002, 11.64]","[1.02, 13.260000000000002, 2.82]","[5.08, 12.070000000000002, 11.64]","[1.02, 13.260000000000002, 2.82]"
"[{'action': 'move_forward', 'magnitude': 1.74}, {'action': 'turn_left', 'angle': 55}]","[-4.14, -9.57, 3.25]","[2.17, -1.41, 0.87]","[-4.14, -9.57, 3.25]","[2.17, -1.41, 0.87]"
"[{'action': 'turn_left', 'angle': 77}, {'action': 'turn_left', 'angle': 80}]","[-14.79, -7.93, 8.5]","[-4.95, -3.04, 2.1]","[-14.79, -7.93, 8.5]","[-4.95, -3.04, 2.1]"
"[{'action': 'move_forward', 'magnitude': 0.55}, {'action': 'move_forward', 'magnitude': 0.8}, {'action': 'turn_left', 'angle': 20}, {'action': 'turn_left', 'angle': 17}, {'action': 'jump', 'force': 9.81}]","[-1.13, 11.51, 10.44]","[-0.8999999999999999, 12.86, 2.63]","[-1.13, 11.51, 10.44]","[-0.8999999999999999, 12.86, 2.63]"
"[{'action': 'turn_right', 'angle': 58}, {'action': 'turn_left', 'angle': 66}]","[-0.16000000000000014, -12.52, 5.66]","[2.15, -2.73, 3.14]","[-0.16000000000000014, -12.52, 5.66]","[2.15, -2.73, 3.14]"
"[{'action': 'move_forward', 'magnitude': 1.48}, {'action': 'turn_right', 'angle': 53}, {'action': 'move_forward', 'magnitude': 1.32}, {'action': 'move_forward', 'magnitude': 1.67}]","[12.82, -8.46, 7.550000000000001]","[6.69, -1.17, 3.32]","[12.82, -8.46, 7.550000000000001]","[6.69, -1.17, 3.32]"
"[{'action': 'turn_left', 'angle': 67}, {'action': 'turn_left', 'angle': 89}, {'action': 'turn_right', 'angle': 21}, {'action': 'turn_right', 'angle': 75}]","[5.75, 3.8300000000000005, 6.4]","[0.52, -3.61, 3.22]","[5.75, 3.8300000000000005, 6.4]","[0.52, -3.61, 3.22]"
"[{'action': 'move_forward', 'magnitude': 1.25}, {'action': 'turn_right', 'angle': 33}, {'action': 'turn_left', 'angle': 77}, {'action': 'turn_right', 'angle': 68}, {'action': 'turn_left', 'angle': 43}]","[0.5300000000000002, -4.94, 7.15]","[-2.8899999999999997, 3.0, 3.26]","[0.5300000000000002, -4.94, 7.15]","[-2.8899999999999997, 3.0, 3.26]"
"[{'action': 'jump', 'force': 7.37}, {'action': 'jump', 'force': 14.84}]","[4.62, 20.64, 8.040000000000001]","[0.33, 23.32, 2.22]","[4.62, 20.64, 8.040000000000001]","[0.33, 23.32, 2.22]"
"[{'action': 'turn_right', 'angle': 31}, {'action': 'move_forward', 'magnitude': 0.73}]","[5.970000000000001, -12.91, 8.01]","[-2.33, -3.52, 1.95]","[5.970000000000001, -12.91, 8.01]","[-2.33, -3.52, 1.95]"
"[{'action': 'move_forward', 'magnitude': 1.2}, {'action': 'turn_right', 'angle': 71}, {'action': 'turn_left', 'angle': 18}, {'action': 'turn_right', 'angle': 46}]","[5.3999999999999995, 5.949999999999999, 8.01]","[4.22, -2.89, 1.75]","[5.3999999999999995, 5.949999999999999, 8.01]","[4.22, -2.89, 1.75]"
"[{'action': 'turn_right', 'angle': 61}, {'action': 'turn_left', 'angle': 88}, {'action': 'jump', 'force': 10.61}]","[6.050000000000001, 1.5299999999999994, 7.73]","[4.69, 10.24, 1.04]","[6.050000000000001, 1.5299999999999994, 7.73]","[4.69, 10.24, 1.04]"
"[{'action': 'turn_left', 'angle': 21}, {'action': 'move_forward', 'magnitude': 1.48}, {'action': 'turn_left', 'angle': 80}, {'action': 'turn_right', 'angle': 69}]","[-5.93, -7.34, 10.530000000000001]","[-1.1099999999999999, -2.66, 0.82]","[-5.93, -7.34, 10.530000000000001]","[-1.1099999999999999, -2.66, 0.82]"
"[{'action': 'turn_right', 'angle': 41}, {'action': 'turn_right', 'angle': 19}, {'action': 'jump', 'force': 14.56}, {'action': 'turn_left', 'angle': 19}]","[-4.58, 4.800000000000001, 10.469999999999999]","[1.99, 14.66, 0.52]","[-4.58, 4.800000000000001, 10.469999999999999]","[1.99, 14.66, 0.52]"
"[{'action': 'turn_left', 'angle': 43}, {'action': 'jump', 'force': 5.3}, {'action': 'jump', 'force': 9.02}, {'action': 'turn_right', 'angle': 87}, {'action': 'jump', 'force': 6.11}]","[4.660000000000001, 15.719999999999999, 7.75]","[-4.14, 18.38, 1.5]","[4.660000000000001, 15.719999999999999, 7.75]","[-4.14, 18.38, 1.5]"
"[{'action': 'jump', 'force': 12.94}, {'action': 'turn_left', 'angle': 66}, {'action': 'jump', 'force': 13.46}, {'action': 'jump', 'force': 13.88}]","[8.809999999999999, 42.78, 9.08]","[-0.98, 41.99, 4.64]","[8.809999999999999, 42.78, 9.08]","[-0.98, 41.99, 4.64]"
"[{'action': 'turn_right', 'angle': 78}, {'action': 'move_forward', 'magnitude': 1.55}, {'action': 'turn_left', 'angle': 82}, {'action': 'turn_right', 'angle': 20}, {'action': 'turn_left', 'angle': 21}]","[12.36, -1.2199999999999998, 9.9]","[2.42, 3.63, 2.43]","[12.36, -1.2199999999999998, 9.9]","[2.42, 3.63, 2.43]"
"[{'action': 'turn_right', 'angle': 19}, {'action': 'turn_left', 'angle': 21}]","[5.79, -3.1, 11.309999999999999]","[3.18, -3.04, 4.71]","[5.79, -3.1, 11.309999999999999]","[3.18, -3.04, 4.71]"
"[{'action': 'turn_right', 'angle': 78}, {'action': 'turn_right', 'angle': 29}, {'action': 'jump', 'force': 8.37}]","[7.790000000000001, 16.14, 8.83]","[3.22, 6.549999999999999, 4.15]","[7.790000000000001, 16.14, 8.83]","[3.22, 6.549999999999999, 4.15]"
"[{'action': 'turn_right', 'angle': 43}, {'action': 'turn_right', 'angle': 26}, {'action': 'move_forward', 'magnitude': 1.22}, {'action': 'turn_left', 'angle': 81}]","[-5.630000000000001, 8.31, 10.48]","[-2.6100000000000003, 2.82, 4.53]","[-5.630000000000001, 8.31, 10.48]","[-2.6100000000000003, 2.82, 4.53]"
"[{'action': 'turn_left', 'angle': 38}, {'action': 'move_forward', 'magnitude': 1.12}, {'action': 'turn_right', 'angle': 30}, {'action': 'move_forward', 'magnitude': 1.42}, {'action': 'turn_right', 'angle': 77}]","[-3.1900000000000004, 7.18, 12.77]","[1.96, 3.08, 3.75]","[-3.1900000000000004, 7.18, 12.77]","[1.96, 3.08, 3.75]"
"[{'action': 'move_forward', 'magnitude': 1.69}, {'action': 'turn_right', 'angle': 16}]","[-0.4400000000000004, 3.67, 7.46]","[5.6899999999999995, 3.77, 1.55]","[-0.4400000000000004, 3.67, 7.46]","[5.6899999999999995, 3.77, 1.55]"
"[{'action': 'move_forward', 'magnitude': 1.43}, {'action': 'turn_left', 'angle': 42}]","[8.91, -11.55, 4.359999999999999]","[0.4999999999999999, -4.32, 0.71]","[8.91, -11.55, 4.359999999999999]","[0.4999999999999999, -4.32, 0.71]"
"[{'action': 'turn_left', 'angle': 90}, {'action': 'move_forward', 'magnitude': 1.97}, {'action': 'turn_left', 'angle': 70}, {'action': 'turn_left', 'angle': 68}]","[10.39, -1.24, 7.94]","[1.2999999999999998, -1.99, 1.87]","[10.39, -1.24, 7.94]","[1.2999999999999998, -1.99, 1.87]"
"[{'action': 'turn_right', 'angle': 51}, {'action': 'turn_left', 'angle': 57}, {'action': 'move_forward', 'magnitude': 1.29}]","[-0.6599999999999999, 1.6300000000000001, 7.1]","[1.26, 3.35, 4.85]","[-0.6599999999999999, 1.6300000000000001, 7.1]","[1.26, 3.35, 4.85]"
"[{'action': 'turn_right', 'angle': 66}, {'action': 'turn_left', 'angle': 75}]","[10.149999999999999, -3.7, 5.96]","[4.02, -3.31, 1.09]","[10.149999999999999, -3.7, 5.96]","[4.02, -3.31, 1.09]"
"[{'action': 'turn_left', 'angle': 32}, {'action': 'turn_left', 'angle': 75}, {'action': 'turn_right', 'angle': 83}, {'action': 'turn_right', 'angle': 28}, {'action': 'turn_left', 'angle': 72}]","[-10.95, -1.3900000000000001, 4.27]","[-4.64, -2.16, 2.02]","[-10.95, -1.3900000000000001, 4.27]","[-4.64, -2.16, 2.02]"
